chi < 0.05,chi < 0.5,fisher < 0.05,fisher < 0.5,minimum_chi_p,minimum_fisher_p,sample_size,snp_count
0.02629107981220657,0.17183098591549295,0.0,0.056338028169014086,0.25362915813184767,1.0,10,1065
