chi < 0.05,chi < 0.5,fisher < 0.05,fisher < 0.5,minimum_chi_p,minimum_fisher_p,sample_size,snp_count
0.06766917293233082,0.21804511278195488,0.20676691729323307,0.5150375939849624,1.028044346538665e-06,7.130864453311901e-06,1000.0,266
