chi < 0.05,chi < 0.5,fisher < 0.05,fisher < 0.5,minimum_chi_p,minimum_fisher_p,sample_size,snp_count
0.02702702702702703,0.14594594594594595,0.05945945945945946,0.518918918918919,1.906240137865049e-14,0.00038262377879243935,100.0,185
