chi < 0.05,chi < 0.5,fisher < 0.05,fisher < 0.5,minimum_chi_p,minimum_fisher_p,sample_size,snp_count
0.02040816326530612,0.19047619047619047,0.027210884353741496,0.2585034013605442,2.101812221142674e-05,0.009891512106336774,50,147
