chi < 0.05,chi < 0.5,fisher < 0.05,fisher < 0.5,minimum_chi_p,minimum_fisher_p,sample_size,snp_count
0.047058823529411764,0.2235294117647059,0.03529411764705882,0.38823529411764707,0.10836802322189587,0.009287925696594427,10.0,85
