chi < 0.05,chi < 0.5,fisher < 0.05,fisher < 0.5,minimum_chi_p,minimum_fisher_p,sample_size,snp_count
0.034482758620689655,0.14367816091954022,0.040229885057471264,0.20114942528735633,6.174997486680375e-06,0.0008120211029254568,100,174
