chi < 0.05,chi < 0.5,fisher < 0.05,fisher < 0.5,minimum_chi_p,minimum_fisher_p,sample_size,snp_count
0.016304347826086956,0.20652173913043478,0.04891304347826087,0.5271739130434783,2.101812221142674e-05,0.008151265455729887,50.0,184
