chi < 0.05,chi < 0.5,fisher < 0.05,fisher < 0.5,minimum_chi_p,minimum_fisher_p,sample_size,snp_count
0.023255813953488372,0.17054263565891473,0.1434108527131783,0.5968992248062015,0.0025672565677917637,0.00029776627350445154,500.0,258
