chi < 0.05,chi < 0.5,fisher < 0.05,fisher < 0.5,minimum_chi_p,minimum_fisher_p,sample_size,snp_count
0.01809954751131222,0.14479638009049775,0.027149321266968326,0.248868778280543,0.0025672565677917637,0.002426490945758831,500,221
