chi < 0.05,chi < 0.5,fisher < 0.05,fisher < 0.5,minimum_chi_p,minimum_fisher_p,sample_size,snp_count
0.017543859649122806,0.14035087719298245,0.008771929824561403,0.34210526315789475,0.006737946999085468,0.030483448440104786,10.0,114
