chi < 0.05,chi < 0.5,fisher < 0.05,fisher < 0.5,minimum_chi_p,minimum_fisher_p,sample_size,snp_count
0.04296875,0.16796875,0.05078125,0.23046875,3.2112353435968775e-19,7.615191766438663e-11,1000,256
