chi < 0.05,chi < 0.5,fisher < 0.05,fisher < 0.5,minimum_chi_p,minimum_fisher_p,sample_size,snp_count
0.0547945205479452,0.1917808219178082,0.21575342465753425,0.547945205479452,3.2112353435968775e-19,7.096676618108193e-11,1000.0,292
