chi < 0.05,chi < 0.5,fisher < 0.05,fisher < 0.5,minimum_chi_p,minimum_fisher_p,sample_size,snp_count
0.030534351145038167,0.10687022900763359,0.015267175572519083,0.26717557251908397,0.008288391080006528,0.030722169053511366,500.0,131
