chi < 0.05,chi < 0.5,fisher < 0.05,fisher < 0.5,minimum_chi_p,minimum_fisher_p,sample_size,snp_count
0.023529411764705882,0.047058823529411764,0.011764705882352941,0.11764705882352941,0.0011286832388105567,0.014853211107875644,100.0,85
