,n_ton,avg_homo_b,exp_homo_b,exp_minus_avg
0,2,0.21428571428571427,0.05263157894736842,-0.16165413533834586
