chi < 0.05,chi < 0.5,fisher < 0.05,fisher < 0.5,minimum_chi_p,minimum_fisher_p,sample_size,snp_count
0.022727272727272728,0.07954545454545454,0.011363636363636364,0.1590909090909091,0.007524984138352592,0.009374574081165484,100.0,88
