chi < 0.05,chi < 0.5,fisher < 0.05,fisher < 0.5,minimum_chi_p,minimum_fisher_p,sample_size,snp_count
0.032432432432432434,0.11891891891891893,0.02702702702702703,0.11891891891891893,4.5685932438868644e-09,0.0001795037489860396,1000,185
