chi < 0.05,chi < 0.5,fisher < 0.05,fisher < 0.5,minimum_chi_p,minimum_fisher_p,sample_size,snp_count
0.026143790849673203,0.09803921568627451,0.0196078431372549,0.13725490196078433,1.5891509528313423e-05,0.003014519575452625,500,153
