chi < 0.05,chi < 0.5,fisher < 0.05,fisher < 0.5,minimum_chi_p,minimum_fisher_p,sample_size,snp_count
0.047619047619047616,0.09523809523809523,0.0,0.09523809523809523,0.006737946999085468,0.05263157894736842,10,21
