chi < 0.05,chi < 0.5,fisher < 0.05,fisher < 0.5,minimum_chi_p,minimum_fisher_p,sample_size,snp_count
0.032432432432432434,0.11891891891891893,0.06486486486486487,0.2756756756756757,4.5685932438868644e-09,0.0001680972118127036,1000.0,185
