chi < 0.05,chi < 0.5,fisher < 0.05,fisher < 0.5,minimum_chi_p,minimum_fisher_p,sample_size,snp_count
0.0,0.0967741935483871,0.0,0.0967741935483871,0.12077484254231236,0.12605951320033995,50,62
