chi < 0.05,chi < 0.5,fisher < 0.05,fisher < 0.5,minimum_chi_p,minimum_fisher_p,sample_size,snp_count
0.05454545454545454,0.07272727272727272,0.0,0.10909090909090909,0.0032147124638421233,0.05998125585754452,50.0,55
