chi < 0.05,chi < 0.5,fisher < 0.05,fisher < 0.5,minimum_chi_p,minimum_fisher_p,sample_size,snp_count
0.026143790849673203,0.09803921568627451,0.0196078431372549,0.24836601307189543,1.5891509528313423e-05,0.002867402444994394,500.0,153
