chi < 0.05,chi < 0.5,fisher < 0.05,fisher < 0.5,minimum_chi_p,minimum_fisher_p,sample_size,snp_count
0.0196078431372549,0.08496732026143791,0.026143790849673203,0.2679738562091503,1.956290313180179e-11,0.00010181135158649171,1000.0,153
