,n_ton,avg_homo_b,exp_homo_b,exp_minus_avg
0,2,0.019230769230769232,0.010101010101010102,-0.00912975912975913
1,3,0.021739130434782608,0.030303030303030304,0.008563899868247696
2,4,0.047619047619047616,0.06060606060606061,0.012987012987012991
3,5,0.0,0.10101010101010101,0.10101010101010101
4,6,0.3333333333333333,0.1515151515151515,-0.18181818181818182
5,7,0.0,0.21212121212121213,0.21212121212121213
