chi < 0.05,chi < 0.5,fisher < 0.05,fisher < 0.5,minimum_chi_p,minimum_fisher_p,sample_size,snp_count
0.03436426116838488,0.21649484536082475,0.048109965635738834,0.18213058419243985,1.6735919912726124e-05,0.0009377522992079814,1000,291
