chi < 0.05,chi < 0.5,fisher < 0.05,fisher < 0.5,minimum_chi_p,minimum_fisher_p,sample_size,snp_count
0.06428571428571428,0.23214285714285715,0.21071428571428572,0.5357142857142857,2.685800270393974e-11,3.450462645953712e-05,1000.0,280
