chi < 0.05,chi < 0.5,fisher < 0.05,fisher < 0.5,minimum_chi_p,minimum_fisher_p,sample_size,snp_count
0.015306122448979591,0.11224489795918367,0.030612244897959183,0.16326530612244897,6.174997486680375e-06,0.005247064703231415,100,196
