chi < 0.05,chi < 0.5,fisher < 0.05,fisher < 0.5,minimum_chi_p,minimum_fisher_p,sample_size,snp_count
0.03773584905660377,0.1509433962264151,0.031446540880503145,0.15723270440251572,2.101812221142674e-05,0.010703891875894047,50,159
