chi < 0.05,chi < 0.5,fisher < 0.05,fisher < 0.5,minimum_chi_p,minimum_fisher_p,sample_size,snp_count
0.051181102362204724,0.1968503937007874,0.12992125984251968,0.5393700787401575,4.42299707571707e-06,0.0002446323556137102,500.0,254
