chi < 0.05,chi < 0.5,fisher < 0.05,fisher < 0.5,minimum_chi_p,minimum_fisher_p,sample_size,snp_count
0.010526315789473684,0.1368421052631579,0.010526315789473684,0.2,0.03518598468525299,0.04643962848297214,10,95
