chi < 0.05,chi < 0.5,fisher < 0.05,fisher < 0.5,minimum_chi_p,minimum_fisher_p,sample_size,snp_count
0.00909090909090909,0.16363636363636364,0.01818181818181818,0.36363636363636365,0.03518598468525299,0.030483448440104786,10.0,110
