chi < 0.05,chi < 0.5,fisher < 0.05,fisher < 0.5,minimum_chi_p,minimum_fisher_p,sample_size,snp_count
0.03896103896103896,0.22402597402597402,0.19480519480519481,0.512987012987013,1.6550072789161782e-05,8.43992439478971e-07,1000.0,308
