chi < 0.05,chi < 0.5,fisher < 0.05,fisher < 0.5,minimum_chi_p,minimum_fisher_p,sample_size,snp_count
0.03428571428571429,0.1657142857142857,0.04,0.5657142857142857,2.101812221142674e-05,0.004209911570060078,50.0,175
