chi < 0.05,chi < 0.5,fisher < 0.05,fisher < 0.5,minimum_chi_p,minimum_fisher_p,sample_size,snp_count
0.020833333333333332,0.22916666666666666,0.010416666666666666,0.4791666666666667,0.006737946999085468,0.021671826625386997,10.0,96
