chi < 0.05,chi < 0.5,fisher < 0.05,fisher < 0.5,minimum_chi_p,minimum_fisher_p,sample_size,snp_count
0.031007751937984496,0.15891472868217055,0.027131782945736434,0.1937984496124031,5.2542357211171115e-06,0.0023528113189154568,500,258
