chi < 0.05,chi < 0.5,fisher < 0.05,fisher < 0.5,minimum_chi_p,minimum_fisher_p,sample_size,snp_count
0.029585798816568046,0.14792899408284024,0.029585798816568046,0.5384615384615384,0.0032147124638421233,0.0037795205493859002,50.0,169
