chi < 0.05,chi < 0.5,fisher < 0.05,fisher < 0.5,minimum_chi_p,minimum_fisher_p,sample_size,snp_count
0.014084507042253521,0.11737089201877934,0.07511737089201878,0.5117370892018779,6.174997486680375e-06,0.005192337353656825,100.0,213
