chi < 0.05,chi < 0.5,fisher < 0.05,fisher < 0.5,minimum_chi_p,minimum_fisher_p,sample_size,snp_count
0.005,0.16,0.045,0.505,0.028012108656115003,0.008616882301554439,100.0,200
