chi < 0.05,chi < 0.5,fisher < 0.05,fisher < 0.5,minimum_chi_p,minimum_fisher_p,sample_size,snp_count
0.03260869565217391,0.17753623188405798,0.14492753623188406,0.5181159420289855,5.2542357211171115e-06,5.877485718707511e-06,500.0,276
