chi < 0.05,chi < 0.5,fisher < 0.05,fisher < 0.5,minimum_chi_p,minimum_fisher_p,sample_size,snp_count
0.014598540145985401,0.10218978102189781,0.021897810218978103,0.22627737226277372,0.0005340839655940233,0.001481541451403467,1000.0,137
