chi < 0.05,chi < 0.5,fisher < 0.05,fisher < 0.5,minimum_chi_p,minimum_fisher_p,sample_size,snp_count
0.0,0.030303030303030304,0.0,0.09090909090909091,0.17873213315341907,0.16211218980595704,100.0,66
