chi < 0.05,chi < 0.5,fisher < 0.05,fisher < 0.5,minimum_chi_p,minimum_fisher_p,sample_size,snp_count
0.09433962264150944,0.1509433962264151,0.018867924528301886,0.20754716981132076,0.0032147124638421233,0.020494444382565084,50.0,53
