chi < 0.05,chi < 0.5,fisher < 0.05,fisher < 0.5,minimum_chi_p,minimum_fisher_p,sample_size,snp_count
0.0,0.046511627906976744,0.0,0.06976744186046512,0.11686435965175293,0.08614897630665835,100,86
