chrom,pos,allele_count,num_heterozygotes,num_homozygotes,chi_p_values,fisher_p_values
2,81,2,2,0,0.9401381982949014,0.9473684210526315
13,44,3,3,0,0.8558079011576558,0.8421052631578947
27,54,2,2,0,0.9401381982949014,0.9473684210526315
29,2,2,2,0,0.9401381982949014,0.9473684210526315
37,82,3,3,0,0.8558079011576558,0.8421052631578947
54,64,2,2,0,0.9401381982949014,0.9473684210526315
74,92,3,1,1,0.15765181226837047,0.15789473684210525
82,71,2,2,0,0.9401381982949014,0.9473684210526315
