chi < 0.05,chi < 0.5,fisher < 0.05,fisher < 0.5,minimum_chi_p,minimum_fisher_p,sample_size,snp_count
0.008771929824561403,0.06140350877192982,0.008771929824561403,0.22807017543859648,0.006152399315464854,0.041919104228707205,500.0,114
