chi < 0.05,chi < 0.5,fisher < 0.05,fisher < 0.5,minimum_chi_p,minimum_fisher_p,sample_size,snp_count
0.028901734104046242,0.10982658959537572,0.06358381502890173,0.24855491329479767,4.104939882604243e-11,0.00011010727501106784,1000.0,173
