chi < 0.05,chi < 0.5,fisher < 0.05,fisher < 0.5,minimum_chi_p,minimum_fisher_p,sample_size,snp_count
0.028901734104046242,0.10982658959537572,0.04046242774566474,0.13872832369942195,4.104939882604243e-11,0.0001167715457420093,1000,173
