chi < 0.05,chi < 0.5,fisher < 0.05,fisher < 0.5,minimum_chi_p,minimum_fisher_p,sample_size,snp_count
0.041379310344827586,0.0896551724137931,0.034482758620689655,0.13793103448275862,7.746755258611223e-18,0.0023528113189154568,500,145
