chi < 0.05,chi < 0.5,fisher < 0.05,fisher < 0.5,minimum_chi_p,minimum_fisher_p,sample_size,snp_count
0.0,0.06666666666666667,0.0,0.06666666666666667,0.15765181226837047,0.15789473684210525,10.0,15
