chi < 0.05,chi < 0.5,fisher < 0.05,fisher < 0.5,minimum_chi_p,minimum_fisher_p,sample_size,snp_count
0.02631578947368421,0.07894736842105263,0.0,0.15789473684210525,0.0335958812774804,0.09788607726752056,50.0,38
