,n_ton,avg_homo_b,exp_homo_b,exp_minus_avg
0,2,0.0,0.010101010101010102,0.010101010101010102
1,3,0.0,0.030303030303030304,0.030303030303030304
