,n_ton,avg_homo_b,exp_homo_b,exp_minus_avg
0,2,0.0,0.005025125628140704,0.005025125628140704
1,3,0.0,0.01507537688442211,0.01507537688442211
2,4,0.0,0.030150753768844223,0.030150753768844223
3,5,0.0,0.05025125628140704,0.05025125628140704
4,6,0.0,0.07537688442211055,0.07537688442211055
