chi < 0.05,chi < 0.5,fisher < 0.05,fisher < 0.5,minimum_chi_p,minimum_fisher_p,sample_size,snp_count
0.03937007874015748,0.2283464566929134,0.16141732283464566,0.4921259842519685,7.765130643961075e-49,0.0002996011122150985,500.0,254
