chi < 0.05,chi < 0.5,fisher < 0.05,fisher < 0.5,minimum_chi_p,minimum_fisher_p,sample_size,snp_count
0.006578947368421052,0.16447368421052633,0.013157894736842105,0.5197368421052632,0.0006977700937047164,0.010588796264325294,50.0,152
