chi < 0.05,chi < 0.5,fisher < 0.05,fisher < 0.5,minimum_chi_p,minimum_fisher_p,sample_size,snp_count
0.024691358024691357,0.16049382716049382,0.0,0.2345679012345679,0.006737946999085468,0.05263157894736842,10,81
