chi < 0.05,chi < 0.5,fisher < 0.05,fisher < 0.5,minimum_chi_p,minimum_fisher_p,sample_size,snp_count
0.02843601895734597,0.14218009478672985,0.061611374407582936,0.5639810426540285,6.174997486680375e-06,0.0007869186442967174,100.0,211
