chi < 0.05,chi < 0.5,fisher < 0.05,fisher < 0.5,minimum_chi_p,minimum_fisher_p,sample_size,snp_count
0.04609929078014184,0.1879432624113475,0.1773049645390071,0.48226950354609927,4.104939882604243e-11,0.00013121859449354904,1000.0,282
