chi < 0.05,chi < 0.5,fisher < 0.05,fisher < 0.5,minimum_chi_p,minimum_fisher_p,sample_size,snp_count
0.018404907975460124,0.13496932515337423,0.03067484662576687,0.43558282208588955,0.007524984138352592,0.012903275847480548,100.0,163
