chi < 0.05,chi < 0.5,fisher < 0.05,fisher < 0.5,minimum_chi_p,minimum_fisher_p,sample_size,snp_count
0.04428044280442804,0.17712177121771217,0.04797047970479705,0.19557195571955718,4.104939882604243e-11,0.00024649907963788023,1000,271
