chi < 0.05,chi < 0.5,fisher < 0.05,fisher < 0.5,minimum_chi_p,minimum_fisher_p,sample_size,snp_count
0.016666666666666666,0.23333333333333334,0.0,0.38333333333333336,0.006737946999085468,0.05263157894736842,10.0,60
