chi < 0.05,chi < 0.5,fisher < 0.05,fisher < 0.5,minimum_chi_p,minimum_fisher_p,sample_size,snp_count
0.015957446808510637,0.10106382978723404,0.031914893617021274,0.4521276595744681,6.174997486680375e-06,0.003994220975464634,100.0,188
