chi < 0.05,chi < 0.5,fisher < 0.05,fisher < 0.5,minimum_chi_p,minimum_fisher_p,sample_size,snp_count
0.046357615894039736,0.15894039735099338,0.026490066225165563,0.5231788079470199,2.101812221142674e-05,0.027866599934531906,50.0,151
