chi < 0.05,chi < 0.5,fisher < 0.05,fisher < 0.5,minimum_chi_p,minimum_fisher_p,sample_size,snp_count
0.013157894736842105,0.07894736842105263,0.0,0.09210526315789473,0.03518598468525299,0.15789473684210525,10,76
