chi < 0.05,chi < 0.5,fisher < 0.05,fisher < 0.5,minimum_chi_p,minimum_fisher_p,sample_size,snp_count
0.05,0.17142857142857143,0.02857142857142857,0.24285714285714285,2.101812221142674e-05,0.030303030303030304,50,140
