chi < 0.05,chi < 0.5,fisher < 0.05,fisher < 0.5,minimum_chi_p,minimum_fisher_p,sample_size,snp_count
0.035856573705179286,0.16334661354581673,0.11553784860557768,0.4860557768924303,1.6818354288152377e-12,0.0016239177538501898,500.0,251
