chi < 0.05,chi < 0.5,fisher < 0.05,fisher < 0.5,minimum_chi_p,minimum_fisher_p,sample_size,snp_count
0.02962962962962963,0.14074074074074075,0.037037037037037035,0.4666666666666667,0.0032147124638421233,0.029177178590452907,50.0,135
