chi < 0.05,chi < 0.5,fisher < 0.05,fisher < 0.5,minimum_chi_p,minimum_fisher_p,sample_size,snp_count
0.05069124423963134,0.2350230414746544,0.1152073732718894,0.4976958525345622,0.002982997456608674,0.0006746757218406896,500.0,217
