chi < 0.05,chi < 0.5,fisher < 0.05,fisher < 0.5,minimum_chi_p,minimum_fisher_p,sample_size,snp_count
0.03765690376569038,0.16317991631799164,0.03765690376569038,0.20920502092050208,1.6818354288152377e-12,0.0023528113189154568,500,239
