chi < 0.05,chi < 0.5,fisher < 0.05,fisher < 0.5,minimum_chi_p,minimum_fisher_p,sample_size,snp_count
0.011363636363636364,0.06818181818181818,0.011363636363636364,0.19318181818181818,0.03518598468525299,0.030483448440104786,10.0,88
