,n_ton,avg_homo_b,exp_homo_b,exp_minus_avg
0,2,0.05,0.05263157894736842,0.0026315789473684154
1,3,0.3333333333333333,0.15789473684210525,-0.17543859649122806
2,4,0.6,0.3157894736842105,-0.28421052631578947
3,5,0.5,0.5263157894736842,0.02631578947368418
4,6,0.0,0.7894736842105263,0.7894736842105263
5,7,1.0,1.105263157894737,0.10526315789473695
