chi < 0.05,chi < 0.5,fisher < 0.05,fisher < 0.5,minimum_chi_p,minimum_fisher_p,sample_size,snp_count
0.01694915254237288,0.096045197740113,0.02824858757062147,0.1864406779661017,6.174997486680375e-06,0.004624020858040387,100,177
