chi < 0.05,chi < 0.5,fisher < 0.05,fisher < 0.5,minimum_chi_p,minimum_fisher_p,sample_size,snp_count
0.0371900826446281,0.19421487603305784,0.16942148760330578,0.49173553719008267,3.327854990971623e-07,0.00021491375872961384,1000.0,242
