chrom,pos,allele_count,num_heterozygotes,num_homozygotes,chi_p_values,fisher_p_values
32,74,2,2,0,0.9896416924365574,0.98989898989899
55,79,2,2,0,0.9896416924365574,0.98989898989899
85,61,2,2,0,0.9896416924365574,0.98989898989899
