chi < 0.05,chi < 0.5,fisher < 0.05,fisher < 0.5,minimum_chi_p,minimum_fisher_p,sample_size,snp_count
0.018518518518518517,0.018518518518518517,0.018518518518518517,0.018518518518518517,1.6818354288152377e-12,0.014969849564084531,500,54
