,n_ton,avg_homo_b,exp_homo_b,exp_minus_avg
0,2,0.0,0.001001001001001001,0.001001001001001001
1,3,0.0,0.003003003003003003,0.003003003003003003
2,4,0.0,0.006006006006006006,0.006006006006006006
