chrom,pos,allele_count,num_heterozygotes,num_homozygotes,chi_p_values,fisher_p_values
22,21,3,3,0,0.9763703822719968,0.9696969696969697
135,9,2,2,0,0.9896416924365574,0.98989898989899
160,16,5,5,0,0.9330914390145758,0.9005519108611892
242,13,2,2,0,0.9896416924365574,0.98989898989899
389,15,2,2,0,0.9896416924365574,0.98989898989899
