chi < 0.05,chi < 0.5,fisher < 0.05,fisher < 0.5,minimum_chi_p,minimum_fisher_p,sample_size,snp_count
0.0,0.0,0.0,0.016666666666666666,0.6804439268132277,0.47938165929698523,1000.0,60
