,n_ton,avg_homo_b,exp_homo_b,exp_minus_avg
0,2,0.0,0.0005002501250625312,0.0005002501250625312
1,3,0.0,0.0015007503751875938,0.0015007503751875938
2,4,0.0,0.0030015007503751876,0.0030015007503751876
3,5,0.0,0.0050025012506253125,0.0050025012506253125
4,7,0.0,0.010505252626313155,0.010505252626313155
