chi < 0.05,chi < 0.5,fisher < 0.05,fisher < 0.5,minimum_chi_p,minimum_fisher_p,sample_size,snp_count
0.012658227848101266,0.02531645569620253,0.012658227848101266,0.02531645569620253,3.327854990971623e-07,0.00522244773433356,1000,79
