chrom,pos,allele_count,num_heterozygotes,num_homozygotes,chi_p_values,fisher_p_values
6,28,2,2,0,0.9949114704013271,0.9949748743718593
32,74,2,2,0,0.9949114704013271,0.9949748743718593
35,62,3,3,0,0.9884717172910189,0.9849246231155779
55,79,3,3,0,0.9884717172910189,0.9849246231155779
67,37,2,2,0,0.9949114704013271,0.9949748743718593
74,27,3,3,0,0.9884717172910189,0.9849246231155779
90,64,2,2,0,0.9949114704013271,0.9949748743718593
99,47,2,2,0,0.9949114704013271,0.9949748743718593
