chi < 0.05,chi < 0.5,fisher < 0.05,fisher < 0.5,minimum_chi_p,minimum_fisher_p,sample_size,snp_count
0.043824701195219126,0.1553784860557769,0.035856573705179286,0.18326693227091634,4.482825597049613e-07,3.686875776014411e-05,1000,251
