chi < 0.05,chi < 0.5,fisher < 0.05,fisher < 0.5,minimum_chi_p,minimum_fisher_p,sample_size,snp_count
0.03225806451612903,0.14193548387096774,0.025806451612903226,0.4064516129032258,6.174997486680375e-06,0.014853211107875644,100.0,155
