chi < 0.05,chi < 0.5,fisher < 0.05,fisher < 0.5,minimum_chi_p,minimum_fisher_p,sample_size,snp_count
0.03361344537815126,0.12605042016806722,0.025210084033613446,0.17647058823529413,1.3887943864964048e-11,0.010101010101010102,50,119
