chi < 0.05,chi < 0.5,fisher < 0.05,fisher < 0.5,minimum_chi_p,minimum_fisher_p,sample_size,snp_count
0.043824701195219126,0.1553784860557769,0.11553784860557768,0.4342629482071713,4.482825597049613e-07,2.616553218178934e-05,1000.0,251
