chi < 0.05,chi < 0.5,fisher < 0.05,fisher < 0.5,minimum_chi_p,minimum_fisher_p,sample_size,snp_count
0.03626943005181347,0.11398963730569948,0.06735751295336788,0.39896373056994816,2.795707220672947e-09,0.005541272393011221,500.0,193
