chi < 0.05,chi < 0.5,fisher < 0.05,fisher < 0.5,minimum_chi_p,minimum_fisher_p,sample_size,snp_count
0.027522935779816515,0.1834862385321101,0.027522935779816515,0.20642201834862386,0.0005575821645365201,0.006339660029817709,500,218
