chi < 0.05,chi < 0.5,fisher < 0.05,fisher < 0.5,minimum_chi_p,minimum_fisher_p,sample_size,snp_count
0.027522935779816515,0.1834862385321101,0.0779816513761468,0.42201834862385323,0.0005575821645365201,0.0047140943276275365,500.0,218
