chi < 0.05,chi < 0.5,fisher < 0.05,fisher < 0.5,minimum_chi_p,minimum_fisher_p,sample_size,snp_count
0.0,0.07407407407407407,0.0,0.1111111111111111,0.3991702158434838,0.26006191950464397,10.0,54
