chi < 0.05,chi < 0.5,fisher < 0.05,fisher < 0.5,minimum_chi_p,minimum_fisher_p,sample_size,snp_count
0.00980392156862745,0.09803921568627451,0.0,0.28431372549019607,0.0335958812774804,0.05096104463027522,50.0,102
