chi < 0.05,chi < 0.5,fisher < 0.05,fisher < 0.5,minimum_chi_p,minimum_fisher_p,sample_size,snp_count
0.015037593984962405,0.08270676691729323,0.007518796992481203,0.3383458646616541,0.007524984138352592,0.04515393073744211,100.0,133
