chi < 0.05,chi < 0.5,fisher < 0.05,fisher < 0.5,minimum_chi_p,minimum_fisher_p,sample_size,snp_count
0.03167420814479638,0.16289592760180996,0.11764705882352941,0.4072398190045249,3.8337853146376335e-18,0.001975895149337313,1000.0,221
