,n_ton,avg_homo_b,exp_homo_b,exp_minus_avg
0,2,0.06578947368421052,0.05263157894736842,-0.013157894736842105
1,3,0.16666666666666666,0.15789473684210525,-0.008771929824561403
2,4,0.3333333333333333,0.3157894736842105,-0.017543859649122806
3,5,0.0,0.5263157894736842,0.5263157894736842
